[
  {
    "source": "Login",
    "target": "Login",
    "source_language": "en",
    "target_language": "en",
    "origin": "liga-manager/template",
    "category": 10000003
  },
  {
    "source": "Table",
    "target": "Table",
    "source_language": "en",
    "target_language": "en",
    "origin": "liga-manager/template",
    "category": 10000003
  },
  {
    "source": "Team Management",
    "target": "Team Management",
    "source_language": "en",
    "target_language": "en",
    "origin": "liga-manager/template",
    "category": 10000003
  },
  {
    "source": "Tournament",
    "target": "Tournament",
    "source_language": "en",
    "target_language": "en",
    "origin": "liga-manager/template",
    "category": 10000003
  },
  {
    "source": "Password",
    "target": "Password",
    "source_language": "en",
    "target_language": "en",
    "origin": "liga-manager/template",
    "category": 10000003
  },
  {
    "source": "Password required",
    "target": "Password required",
    "source_language": "en",
    "target_language": "en",
    "origin": "liga-manager/template",
    "category": 10000003
  },
  {
    "source": "Points",
    "target": "Points",
    "source_language": "en",
    "target_language": "en",
    "origin": "liga-manager/template",
    "category": 10000003
  },
  {
    "source": "Change Password",
    "target": "Change Password",
    "source_language": "en",
    "target_language": "en",
    "origin": "liga-manager/template",
    "category": 10000003
  },
  {
    "source": "Logout",
    "target": "Logout",
    "source_language": "en",
    "target_language": "en",
    "origin": "liga-manager/template",
    "category": 10000003
  },
  {
    "source": "Dark Mode",
    "target": "Dark Mode",
    "source_language": "en",
    "target_language": "en",
    "origin": "liga-manager/template",
    "category": 10000003
  },
  {
    "source": "forgot Password",
    "target": "forgot Password",
    "source_language": "en",
    "target_language": "en",
    "origin": "liga-manager/template",
    "category": 10000003
  },
  {
    "source": "Games",
    "target": "Games",
    "source_language": "en",
    "target_language": "en",
    "origin": "liga-manager/template",
    "category": 10000003
  },
  {
    "source": "Logged in as",
    "target": "Logged in as",
    "source_language": "en",
    "target_language": "en",
    "origin": "liga-manager/template",
    "category": 10000003
  },
  {
    "source": "Administration",
    "target": "Administration",
    "source_language": "en",
    "target_language": "en",
    "origin": "liga-manager/template",
    "category": 10000003
  },
  {
    "source": "Calendar",
    "target": "Calendar",
    "source_language": "en",
    "target_language": "en",
    "origin": "liga-manager/template",
    "category": 10000003
  },
  {
    "source": "Contacs",
    "target": "Contacs",
    "source_language": "en",
    "target_language": "en",
    "origin": "liga-manager/template",
    "category": 10000003
  },
  {
    "source": "Schedule",
    "target": "Schedule",
    "source_language": "en",
    "target_language": "en",
    "origin": "liga-manager/template",
    "category": 10000003
  },
  {
    "source": "Goals",
    "target": "Goals",
    "source_language": "en",
    "target_language": "en",
    "origin": "liga-manager/template",
    "category": 10000003
  },
  {
    "source": "New Password send error",
    "target": "New Password send error",
    "source_language": "en",
    "target_language": "en",
    "origin": "liga-manager/template",
    "category": 10000003
  },
  {
    "source": "Email is on the way",
    "target": "Email is on the way",
    "source_language": "en",
    "target_language": "en",
    "origin": "liga-manager/template",
    "category": 10000003
  },
  {
    "source": "Team Name",
    "target": "Team Name",
    "source_language": "en",
    "target_language": "en",
    "origin": "liga-manager/template",
    "category": 10000003
  },
  {
    "source": "Themes",
    "target": "Themes",
    "source_language": "en",
    "target_language": "en",
    "origin": "liga-manager/template",
    "category": 10000003
  },
  {
    "source": "Unknown Network Error",
    "target": "Unknown Network Error",
    "source_language": "en",
    "target_language": "en",
    "origin": "liga-manager/template",
    "category": 10000003
  },
  {
    "source": "Username",
    "target": "Username",
    "source_language": "en",
    "target_language": "en",
    "origin": "liga-manager/template",
    "category": 10000003
  },
  {
    "source": "Username required",
    "target": "Username required",
    "source_language": "en",
    "target_language": "en",
    "origin": "liga-manager/template",
    "category": 10000003
  },
  {
    "source": "V:D:L",
    "target": "V:D:L",
    "source_language": "en",
    "target_language": "en",
    "origin": "liga-manager/template",
    "category": 10000003
  },
  {
    "source": "Change Password",
    "target": "Passwort ändern",
    "source_language": "en",
    "target_language": "de",
    "origin": "liga-manager/template",
    "category": 10000003
  },
  {
    "source": "Login",
    "target": "Anmeldung",
    "source_language": "en",
    "target_language": "de",
    "origin": "liga-manager/template",
    "category": 10000003
  },
  {
    "source": "Change Password",
    "target": "Changer le mot de passe",
    "source_language": "en",
    "target_language": "fr",
    "origin": "liga-manager/template",
    "category": 10000003
  },
  {
    "source": "Login",
    "target": "Connexion",
    "source_language": "en",
    "target_language": "fr",
    "origin": "liga-manager/template",
    "category": 10000003
  },
  {
    "source": "Logout",
    "target": "Déconnexion",
    "source_language": "en",
    "target_language": "fr",
    "origin": "liga-manager/template",
    "category": 10000003
  },
  {
    "source": "Dark Mode",
    "target": "Mode foncé",
    "source_language": "en",
    "target_language": "fr",
    "origin": "liga-manager/template",
    "category": 10000003
  },
  {
    "source": "forgot Password",
    "target": "Mot de passe oublié",
    "source_language": "en",
    "target_language": "fr",
    "origin": "liga-manager/template",
    "category": 10000003
  },
  {
    "source": "Games",
    "target": "Jeux",
    "source_language": "en",
    "target_language": "fr",
    "origin": "liga-manager/template",
    "category": 10000003
  },
  {
    "source": "Logged in as",
    "target": "Connecté en tant que",
    "source_language": "en",
    "target_language": "fr",
    "origin": "liga-manager/template",
    "category": 10000003
  },
  {
    "source": "Administration",
    "target": "Administration",
    "source_language": "en",
    "target_language": "fr",
    "origin": "liga-manager/template",
    "category": 10000003
  },
  {
    "source": "Calendar",
    "target": "Calendrier",
    "source_language": "en",
    "target_language": "fr",
    "origin": "liga-manager/template",
    "category": 10000003
  },
  {
    "source": "Contacs",
    "target": "Contacs",
    "source_language": "en",
    "target_language": "fr",
    "origin": "liga-manager/template",
    "category": 10000003
  },
  {
    "source": "Schedule",
    "target": "Programme",
    "source_language": "en",
    "target_language": "fr",
    "origin": "liga-manager/template",
    "category": 10000003
  },
  {
    "source": "Table",
    "target": "Tableau",
    "source_language": "en",
    "target_language": "fr",
    "origin": "liga-manager/template",
    "category": 10000003
  },
  {
    "source": "Team Management",
    "target": "Gestion d'équipe",
    "source_language": "en",
    "target_language": "fr",
    "origin": "liga-manager/template",
    "category": 10000003
  },
  {
    "source": "Tournament",
    "target": "Tournoi",
    "source_language": "en",
    "target_language": "fr",
    "origin": "liga-manager/template",
    "category": 10000003
  },
  {
    "source": "Password",
    "target": "Mot de passe",
    "source_language": "en",
    "target_language": "fr",
    "origin": "liga-manager/template",
    "category": 10000003
  },
  {
    "source": "Password required",
    "target": "Mot de passe requis",
    "source_language": "en",
    "target_language": "fr",
    "origin": "liga-manager/template",
    "category": 10000003
  },
  {
    "source": "Points",
    "target": "Points",
    "source_language": "en",
    "target_language": "fr",
    "origin": "liga-manager/template",
    "category": 10000003
  },
  {
    "source": "Goals",
    "target": "Objectifs",
    "source_language": "en",
    "target_language": "fr",
    "origin": "liga-manager/template",
    "category": 10000003
  },
  {
    "source": "New Password send error",
    "target": "Erreur d'envoi du nouveau mot de passe",
    "source_language": "en",
    "target_language": "fr",
    "origin": "liga-manager/template",
    "category": 10000003
  },
  {
    "source": "Email is on the way",
    "target": "L'e-mail est en route",
    "source_language": "en",
    "target_language": "fr",
    "origin": "liga-manager/template",
    "category": 10000003
  },
  {
    "source": "Team Name",
    "target": "Nom de l'équipe",
    "source_language": "en",
    "target_language": "fr",
    "origin": "liga-manager/template",
    "category": 10000003
  },
  {
    "source": "Themes",
    "target": "Thèmes",
    "source_language": "en",
    "target_language": "fr",
    "origin": "liga-manager/template",
    "category": 10000003
  },
  {
    "source": "Unknown Network Error",
    "target": "Erreur de réseau inconnu",
    "source_language": "en",
    "target_language": "fr",
    "origin": "liga-manager/template",
    "category": 10000003
  },
  {
    "source": "Username",
    "target": "Nom d'utilisateur :",
    "source_language": "en",
    "target_language": "fr",
    "origin": "liga-manager/template",
    "category": 10000003
  },
  {
    "source": "Username required",
    "target": "Nom d'utilisateur requis",
    "source_language": "en",
    "target_language": "fr",
    "origin": "liga-manager/template",
    "category": 10000003
  }
]