{
  "metadata": {
    "version": "4.14.2",
    "server": "Weblate",
    "domain": "weblate.example.com",
    "timestamp": "2022-12-14T15:36:49.353543+00:00"
  },
  "project": {
    "name": "liga-manager",
    "slug": "liga-manager",
    "web": "http://manager.wildeligabremen.de",
    "instructions": "",
    "access_control": 0,
    "language_aliases": "",
    "set_language_team": true,
    "use_shared_tm": true,
    "contribute_shared_tm": true,
    "translation_review": false,
    "source_review": false,
    "enable_hooks": true
  },
  "labels": []
}