{
    "BUTTON": {
        "CHANGE_PASSWORD": "",
        "LOGIN": "",
        "LOGOUT": ""
    },
    "DARK_MODE": "",
    "FORGOT_PASSWORD": "",
    "GAMES": "",
    "LOGGED_IN_AS": "",
    "LOGIN": "",
    "MENU": {
        "ADMIN": "",
        "CALENDAR": "",
        "CONTACTS": "",
        "SCHEDULE": "",
        "TABLE": "Table",
        "TEAM_ADMIN": "Team Management",
        "TOURNAMENT": "Tournament"
    },
    "PASSWORD": "Password",
    "PASSWORD_REQUIRED": "Password required",
    "POINTS": "Points",
    "SCORED_CONCEDED": "",
    "SEND_NEW_PASSWORD_MAIL_ERROR": "",
    "SEND_NEW_PASSWORD_MAIL_SUCCESS": "",
    "TEAM_NAME": "",
    "THEMES": "",
    "UNKNOWN_NETWORK_ERROR": "",
    "USERNAME": "",
    "USERNAME_REQUIRED": "",
    "WINS_DRAWS_LOSSES": ""
}
