{
  "component": {
    "name": "liga-manager",
    "slug": "glossary",
    "vcs": "local",
    "repo": "local:",
    "push": "",
    "repoweb": "",
    "report_source_bugs": "",
    "branch": "main",
    "push_branch": "",
    "filemask": "*.tbx",
    "template": "",
    "edit_template": true,
    "intermediate": "",
    "new_base": "",
    "file_format": "tbx",
    "locked": false,
    "allow_translation_propagation": false,
    "enable_suggestions": true,
    "suggestion_voting": false,
    "suggestion_autoaccept": 0,
    "check_flags": "",
    "enforced_checks": [],
    "license": "",
    "agreement": "",
    "new_lang": "none",
    "language_code_style": "",
    "manage_units": true,
    "merge_style": "rebase",
    "commit_message": "Translated using Weblate ({{ language_name }})\n\nCurrently translated at {{ stats.translated_percent }}% ({{ stats.translated }} of {{ stats.all }} strings)\n\nTranslation: {{ project_name }}/{{ component_name }}\nTranslate-URL: {{ url }}",
    "add_message": "Added translation using Weblate ({{ language_name }})\n\n",
    "delete_message": "Deleted translation using Weblate ({{ language_name }})\n\n",
    "merge_message": "Merge branch '{{ component_remote_branch }}' into Weblate.\n\n",
    "addon_message": "Update translation files\n\nUpdated by \"{{ addon_name }}\" hook in Weblate.\n\nTranslation: {{ project_name }}/{{ component_name }}\nTranslate-URL: {{ url }}",
    "pull_message": "Translations update from {{ site_title }}\n\nTranslations update from [{{ site_title }}]({{ site_url }}) for [{{ project_name }}/{{ component_name }}]({{url}}).\n\n{% if component_linked_childs %}\nIt also includes following components:\n{% for linked in component_linked_childs %}\n* [{{ linked.project_name }}/{{ linked.name }}]({{ linked.url }})\n{% endfor %}\n{% endif %}\n\nCurrent translation status:\n\n![Weblate translation status]({{widget_url}})\n",
    "push_on_commit": true,
    "commit_pending_age": 24,
    "auto_lock_error": true,
    "source_language": "en",
    "language_regex": "^[^.]+$",
    "variant_regex": "",
    "priority": 100,
    "restricted": false,
    "is_glossary": true,
    "glossary_color": "silver",
    "remote_revision": "",
    "local_revision": "c446446de766069a8fbb8611e33952cc1f8bb68d"
  },
  "translations": [
    {
      "id": 7,
      "language_code": "en",
      "plural": {
        "source": 0,
        "number": 2,
        "formula": "n != 1",
        "type": 1
      },
      "revision": "",
      "filename": ""
    },
    {
      "id": 40,
      "language_code": "de",
      "plural": {
        "source": 0,
        "number": 2,
        "formula": "n != 1",
        "type": 1
      },
      "revision": "a707eb0b067f141dc98e77ff33c3d42e12c3d712",
      "filename": "de.tbx"
    },
    {
      "id": 42,
      "language_code": "ar",
      "plural": {
        "source": 0,
        "number": 6,
        "formula": "n==0 ? 0 : n==1 ? 1 : n==2 ? 2 : n%100>=3 && n%100<=10 ? 3 : n%100>=11 ? 4 : 5",
        "type": 3
      },
      "revision": "a707eb0b067f141dc98e77ff33c3d42e12c3d712",
      "filename": "ar.tbx"
    },
    {
      "id": 44,
      "language_code": "fr",
      "plural": {
        "source": 0,
        "number": 2,
        "formula": "n > 1",
        "type": 1
      },
      "revision": "a707eb0b067f141dc98e77ff33c3d42e12c3d712",
      "filename": "fr.tbx"
    }
  ],
  "units": [],
  "screenshots": []
}