{
  "component": {
    "name": "template",
    "slug": "template",
    "vcs": "local",
    "repo": "local:",
    "push": "",
    "repoweb": "",
    "report_source_bugs": "",
    "branch": "main",
    "push_branch": "",
    "filemask": "template/*.json",
    "template": "template/en.json",
    "edit_template": true,
    "intermediate": "",
    "new_base": "",
    "file_format": "json",
    "locked": false,
    "allow_translation_propagation": true,
    "enable_suggestions": true,
    "suggestion_voting": false,
    "suggestion_autoaccept": 0,
    "check_flags": "",
    "enforced_checks": [],
    "license": "",
    "agreement": "",
    "new_lang": "add",
    "language_code_style": "",
    "manage_units": true,
    "merge_style": "rebase",
    "commit_message": "Translated using Weblate ({{ language_name }})\r\n\r\nCurrently translated at {{ stats.translated_percent }}% ({{ stats.translated }} of {{ stats.all }} strings)\r\n\r\nTranslation: {{ project_name }}/{{ component_name }}\r\nTranslate-URL: {{ url }}",
    "add_message": "Added translation using Weblate ({{ language_name }})",
    "delete_message": "Deleted translation using Weblate ({{ language_name }})",
    "merge_message": "Merge branch '{{ component_remote_branch }}' into Weblate.",
    "addon_message": "Update translation files\r\n\r\nUpdated by \"{{ addon_name }}\" hook in Weblate.\r\n\r\nTranslation: {{ project_name }}/{{ component_name }}\r\nTranslate-URL: {{ url }}",
    "pull_message": "Translations update from {{ site_title }}\r\n\r\nTranslations update from [{{ site_title }}]({{ site_url }}) for [{{ project_name }}/{{ component_name }}]({{url}}).\r\n\r\n{% if component_linked_childs %}\r\nIt also includes following components:\r\n{% for linked in component_linked_childs %}\r\n* [{{ linked.project_name }}/{{ linked.name }}]({{ linked.url }})\r\n{% endfor %}\r\n{% endif %}\r\n\r\nCurrent translation status:\r\n\r\n![Weblate translation status]({{widget_url}})",
    "push_on_commit": true,
    "commit_pending_age": 24,
    "auto_lock_error": true,
    "source_language": "en",
    "language_regex": "^[^.]+$",
    "variant_regex": "",
    "priority": 100,
    "restricted": false,
    "is_glossary": false,
    "glossary_color": "silver",
    "remote_revision": "",
    "local_revision": "d3f9349e7d3d838eb18eed482b13d489eb09e18f"
  },
  "translations": [
    {
      "id": 6,
      "language_code": "en",
      "plural": {
        "source": 0,
        "number": 2,
        "formula": "n != 1",
        "type": 1
      },
      "revision": "09da21437e14165d7ee5b0f956425098453a49c5,09da21437e14165d7ee5b0f956425098453a49c5",
      "filename": "template/en.json"
    },
    {
      "id": 39,
      "language_code": "de",
      "plural": {
        "source": 0,
        "number": 2,
        "formula": "n != 1",
        "type": 1
      },
      "revision": "0967ef424bce6791893e9a57bb952f80fd536e93,09da21437e14165d7ee5b0f956425098453a49c5",
      "filename": "template/de.json"
    },
    {
      "id": 41,
      "language_code": "ar",
      "plural": {
        "source": 0,
        "number": 6,
        "formula": "n==0 ? 0 : n==1 ? 1 : n==2 ? 2 : n%100>=3 && n%100<=10 ? 3 : n%100>=11 ? 4 : 5",
        "type": 3
      },
      "revision": "0967ef424bce6791893e9a57bb952f80fd536e93,09da21437e14165d7ee5b0f956425098453a49c5",
      "filename": "template/ar.json"
    },
    {
      "id": 43,
      "language_code": "fr",
      "plural": {
        "source": 0,
        "number": 2,
        "formula": "n > 1",
        "type": 1
      },
      "revision": "0967ef424bce6791893e9a57bb952f80fd536e93,09da21437e14165d7ee5b0f956425098453a49c5",
      "filename": "template/fr.json"
    }
  ],
  "units": [
    {
      "translation_id": 6,
      "id_hash": "8f40fb62c3d59cd9",
      "location": "",
      "context": "LOGGED_IN_AS",
      "note": "",
      "flags": "",
      "source": "Logged in as",
      "previous_source": "",
      "target": "Logged in as",
      "state": 20,
      "original_state": 20,
      "details": {},
      "position": 7,
      "num_words": 3,
      "priority": 100,
      "pending": true,
      "timestamp": "2022-12-14T12:15:21.762077+00:00",
      "extra_flags": "",
      "explanation": "",
      "labels": [],
      "comments": [],
      "checks": [],
      "suggestions": []
    },
    {
      "translation_id": 6,
      "id_hash": "d63f684b9789f95b",
      "location": "",
      "context": "LOGIN",
      "note": "",
      "flags": "",
      "source": "Login",
      "previous_source": "",
      "target": "Login",
      "state": 20,
      "original_state": 20,
      "details": {},
      "position": 8,
      "num_words": 1,
      "priority": 100,
      "pending": true,
      "timestamp": "2022-12-14T12:15:21.772449+00:00",
      "extra_flags": "",
      "explanation": "",
      "labels": [],
      "comments": [],
      "checks": [],
      "suggestions": []
    },
    {
      "translation_id": 39,
      "id_hash": "8f40fb62c3d59cd9",
      "location": "",
      "context": "LOGGED_IN_AS",
      "note": "",
      "flags": "",
      "source": "Logged in as",
      "previous_source": "",
      "target": "",
      "state": 0,
      "original_state": 0,
      "details": {},
      "position": 7,
      "num_words": 3,
      "priority": 100,
      "pending": false,
      "timestamp": "2022-12-14T14:46:06.785536+00:00",
      "extra_flags": "",
      "explanation": "",
      "labels": [],
      "comments": [],
      "checks": [],
      "suggestions": []
    },
    {
      "translation_id": 6,
      "id_hash": "92f570a8b8748efb",
      "location": "",
      "context": "MENU.ADMIN",
      "note": "",
      "flags": "",
      "source": "Administration",
      "previous_source": "",
      "target": "Administration",
      "state": 20,
      "original_state": 20,
      "details": {},
      "position": 9,
      "num_words": 1,
      "priority": 100,
      "pending": true,
      "timestamp": "2022-12-14T12:15:21.782120+00:00",
      "extra_flags": "",
      "explanation": "",
      "labels": [],
      "comments": [],
      "checks": [],
      "suggestions": []
    },
    {
      "translation_id": 6,
      "id_hash": "0188920498b601cb",
      "location": "",
      "context": "MENU.CALENDAR",
      "note": "",
      "flags": "",
      "source": "Calendar",
      "previous_source": "",
      "target": "Calendar",
      "state": 20,
      "original_state": 20,
      "details": {},
      "position": 10,
      "num_words": 1,
      "priority": 100,
      "pending": true,
      "timestamp": "2022-12-14T12:15:21.792891+00:00",
      "extra_flags": "",
      "explanation": "",
      "labels": [],
      "comments": [],
      "checks": [],
      "suggestions": []
    },
    {
      "translation_id": 6,
      "id_hash": "c1686b517b0a4e40",
      "location": "",
      "context": "MENU.CONTACTS",
      "note": "",
      "flags": "",
      "source": "Contacs",
      "previous_source": "",
      "target": "Contacs",
      "state": 20,
      "original_state": 20,
      "details": {},
      "position": 11,
      "num_words": 1,
      "priority": 100,
      "pending": true,
      "timestamp": "2022-12-14T12:15:21.804182+00:00",
      "extra_flags": "",
      "explanation": "",
      "labels": [],
      "comments": [],
      "checks": [],
      "suggestions": []
    },
    {
      "translation_id": 6,
      "id_hash": "ba6a8fa976f6f8df",
      "location": "",
      "context": "MENU.SCHEDULE",
      "note": "",
      "flags": "",
      "source": "Schedule",
      "previous_source": "",
      "target": "Schedule",
      "state": 20,
      "original_state": 20,
      "details": {},
      "position": 12,
      "num_words": 1,
      "priority": 100,
      "pending": true,
      "timestamp": "2022-12-14T12:15:21.815339+00:00",
      "extra_flags": "",
      "explanation": "",
      "labels": [],
      "comments": [],
      "checks": [],
      "suggestions": []
    },
    {
      "translation_id": 6,
      "id_hash": "670e5c4b7dea71aa",
      "location": "",
      "context": "SCORED_CONCEDED",
      "note": "",
      "flags": "",
      "source": "Goals",
      "previous_source": "",
      "target": "Goals",
      "state": 20,
      "original_state": 20,
      "details": {},
      "position": 19,
      "num_words": 1,
      "priority": 100,
      "pending": true,
      "timestamp": "2022-12-14T12:15:21.896269+00:00",
      "extra_flags": "",
      "explanation": "",
      "labels": [],
      "comments": [],
      "checks": [],
      "suggestions": []
    },
    {
      "translation_id": 6,
      "id_hash": "65d76dfe6a609fc5",
      "location": "",
      "context": "SEND_NEW_PASSWORD_MAIL_ERROR",
      "note": "",
      "flags": "",
      "source": "New Password send error",
      "previous_source": "",
      "target": "New Password send error",
      "state": 20,
      "original_state": 20,
      "details": {},
      "position": 20,
      "num_words": 4,
      "priority": 100,
      "pending": true,
      "timestamp": "2022-12-14T12:15:21.908935+00:00",
      "extra_flags": "",
      "explanation": "",
      "labels": [],
      "comments": [],
      "checks": [],
      "suggestions": []
    },
    {
      "translation_id": 6,
      "id_hash": "4745fe681e62a73e",
      "location": "",
      "context": "SEND_NEW_PASSWORD_MAIL_SUCCESS",
      "note": "",
      "flags": "",
      "source": "Email is on the way",
      "previous_source": "",
      "target": "Email is on the way",
      "state": 20,
      "original_state": 20,
      "details": {},
      "position": 21,
      "num_words": 5,
      "priority": 100,
      "pending": true,
      "timestamp": "2022-12-14T12:15:21.918890+00:00",
      "extra_flags": "",
      "explanation": "",
      "labels": [],
      "comments": [],
      "checks": [],
      "suggestions": []
    },
    {
      "translation_id": 6,
      "id_hash": "b76d0497364f378a",
      "location": "",
      "context": "TEAM_NAME",
      "note": "",
      "flags": "",
      "source": "Team Name",
      "previous_source": "",
      "target": "Team Name",
      "state": 20,
      "original_state": 20,
      "details": {},
      "position": 22,
      "num_words": 2,
      "priority": 100,
      "pending": true,
      "timestamp": "2022-12-14T12:15:21.928620+00:00",
      "extra_flags": "",
      "explanation": "",
      "labels": [],
      "comments": [],
      "checks": [],
      "suggestions": []
    },
    {
      "translation_id": 6,
      "id_hash": "48ccae9a13eeab51",
      "location": "",
      "context": "THEMES",
      "note": "",
      "flags": "",
      "source": "Themes",
      "previous_source": "",
      "target": "Themes",
      "state": 20,
      "original_state": 20,
      "details": {},
      "position": 23,
      "num_words": 1,
      "priority": 100,
      "pending": true,
      "timestamp": "2022-12-14T12:15:21.940064+00:00",
      "extra_flags": "",
      "explanation": "",
      "labels": [],
      "comments": [],
      "checks": [],
      "suggestions": []
    },
    {
      "translation_id": 43,
      "id_hash": "92f570a8b8748efb",
      "location": "",
      "context": "MENU.ADMIN",
      "note": "",
      "flags": "",
      "source": "Administration",
      "previous_source": "",
      "target": "Administration",
      "state": 20,
      "original_state": 20,
      "details": {},
      "position": 9,
      "num_words": 1,
      "priority": 100,
      "pending": true,
      "timestamp": "2022-12-14T15:04:11.107361+00:00",
      "extra_flags": "",
      "explanation": "",
      "labels": [],
      "comments": [],
      "checks": [],
      "suggestions": []
    },
    {
      "translation_id": 6,
      "id_hash": "33becc5e8b4e4357",
      "location": "",
      "context": "UNKNOWN_NETWORK_ERROR",
      "note": "",
      "flags": "",
      "source": "Unknown Network Error",
      "previous_source": "",
      "target": "Unknown Network Error",
      "state": 20,
      "original_state": 20,
      "details": {},
      "position": 24,
      "num_words": 3,
      "priority": 100,
      "pending": true,
      "timestamp": "2022-12-14T12:15:21.949493+00:00",
      "extra_flags": "",
      "explanation": "",
      "labels": [],
      "comments": [],
      "checks": [],
      "suggestions": []
    },
    {
      "translation_id": 6,
      "id_hash": "ca0a983517be7a5a",
      "location": "",
      "context": "USERNAME",
      "note": "",
      "flags": "",
      "source": "Username",
      "previous_source": "",
      "target": "Username",
      "state": 20,
      "original_state": 20,
      "details": {},
      "position": 25,
      "num_words": 1,
      "priority": 100,
      "pending": true,
      "timestamp": "2022-12-14T12:15:21.960211+00:00",
      "extra_flags": "",
      "explanation": "",
      "labels": [],
      "comments": [],
      "checks": [],
      "suggestions": []
    },
    {
      "translation_id": 6,
      "id_hash": "6b6c6669f442deca",
      "location": "",
      "context": "USERNAME_REQUIRED",
      "note": "",
      "flags": "",
      "source": "Username required",
      "previous_source": "",
      "target": "Username required",
      "state": 20,
      "original_state": 20,
      "details": {},
      "position": 26,
      "num_words": 2,
      "priority": 100,
      "pending": true,
      "timestamp": "2022-12-14T12:15:21.970828+00:00",
      "extra_flags": "",
      "explanation": "",
      "labels": [],
      "comments": [],
      "checks": [],
      "suggestions": []
    },
    {
      "translation_id": 6,
      "id_hash": "6310822570986bc0",
      "location": "",
      "context": "WINS_DRAWS_LOSSES",
      "note": "",
      "flags": "",
      "source": "V:D:L",
      "previous_source": "",
      "target": "V:D:L",
      "state": 20,
      "original_state": 20,
      "details": {},
      "position": 27,
      "num_words": 1,
      "priority": 100,
      "pending": true,
      "timestamp": "2022-12-14T12:15:21.979852+00:00",
      "extra_flags": "",
      "explanation": "",
      "labels": [],
      "comments": [],
      "checks": [],
      "suggestions": []
    },
    {
      "translation_id": 39,
      "id_hash": "d63f684b9789f95b",
      "location": "",
      "context": "LOGIN",
      "note": "",
      "flags": "",
      "source": "Login",
      "previous_source": "",
      "target": "",
      "state": 0,
      "original_state": 0,
      "details": {},
      "position": 8,
      "num_words": 1,
      "priority": 100,
      "pending": false,
      "timestamp": "2022-12-14T14:46:06.786104+00:00",
      "extra_flags": "",
      "explanation": "",
      "labels": [],
      "comments": [],
      "checks": [],
      "suggestions": []
    },
    {
      "translation_id": 39,
      "id_hash": "caab8dce1417b4ad",
      "location": "",
      "context": "BUTTON.CHANGE_PASSWORD",
      "note": "",
      "flags": "",
      "source": "Change Password",
      "previous_source": "",
      "target": "Passwort ändern",
      "state": 20,
      "original_state": 20,
      "details": {},
      "position": 1,
      "num_words": 2,
      "priority": 100,
      "pending": true,
      "timestamp": "2022-12-14T14:46:06.781116+00:00",
      "extra_flags": "",
      "explanation": "",
      "labels": [],
      "comments": [],
      "checks": [],
      "suggestions": []
    },
    {
      "translation_id": 39,
      "id_hash": "288fca9441597da9",
      "location": "",
      "context": "BUTTON.LOGIN",
      "note": "",
      "flags": "",
      "source": "Login",
      "previous_source": "",
      "target": "Anmeldung",
      "state": 20,
      "original_state": 20,
      "details": {},
      "position": 2,
      "num_words": 1,
      "priority": 100,
      "pending": true,
      "timestamp": "2022-12-14T14:46:06.782678+00:00",
      "extra_flags": "",
      "explanation": "",
      "labels": [],
      "comments": [],
      "checks": [],
      "suggestions": []
    },
    {
      "translation_id": 6,
      "id_hash": "f9ecbb663139da11",
      "location": "",
      "context": "MENU.TABLE",
      "note": "",
      "flags": "",
      "source": "Table",
      "previous_source": "",
      "target": "Table",
      "state": 20,
      "original_state": 20,
      "details": {},
      "position": 13,
      "num_words": 1,
      "priority": 100,
      "pending": false,
      "timestamp": "2022-12-14T12:15:21.827314+00:00",
      "extra_flags": "",
      "explanation": "",
      "labels": [],
      "comments": [],
      "checks": [],
      "suggestions": []
    },
    {
      "translation_id": 6,
      "id_hash": "fffde5fd02ec7ce0",
      "location": "",
      "context": "MENU.TEAM_ADMIN",
      "note": "",
      "flags": "",
      "source": "Team Management",
      "previous_source": "",
      "target": "Team Management",
      "state": 20,
      "original_state": 20,
      "details": {},
      "position": 14,
      "num_words": 2,
      "priority": 100,
      "pending": false,
      "timestamp": "2022-12-14T12:15:21.839993+00:00",
      "extra_flags": "",
      "explanation": "",
      "labels": [],
      "comments": [],
      "checks": [],
      "suggestions": []
    },
    {
      "translation_id": 6,
      "id_hash": "1e9344f1c3429666",
      "location": "",
      "context": "MENU.TOURNAMENT",
      "note": "",
      "flags": "",
      "source": "Tournament",
      "previous_source": "",
      "target": "Tournament",
      "state": 20,
      "original_state": 20,
      "details": {},
      "position": 15,
      "num_words": 1,
      "priority": 100,
      "pending": false,
      "timestamp": "2022-12-14T12:15:21.853260+00:00",
      "extra_flags": "",
      "explanation": "",
      "labels": [],
      "comments": [],
      "checks": [],
      "suggestions": []
    },
    {
      "translation_id": 6,
      "id_hash": "5f702419fb2b0081",
      "location": "",
      "context": "PASSWORD",
      "note": "",
      "flags": "",
      "source": "Password",
      "previous_source": "",
      "target": "Password",
      "state": 20,
      "original_state": 20,
      "details": {},
      "position": 16,
      "num_words": 1,
      "priority": 100,
      "pending": false,
      "timestamp": "2022-12-14T12:15:21.865382+00:00",
      "extra_flags": "",
      "explanation": "",
      "labels": [],
      "comments": [],
      "checks": [],
      "suggestions": []
    },
    {
      "translation_id": 6,
      "id_hash": "f7e2a3a0191a12f8",
      "location": "",
      "context": "PASSWORD_REQUIRED",
      "note": "",
      "flags": "",
      "source": "Password required",
      "previous_source": "",
      "target": "Password required",
      "state": 20,
      "original_state": 20,
      "details": {},
      "position": 17,
      "num_words": 2,
      "priority": 100,
      "pending": false,
      "timestamp": "2022-12-14T12:15:21.876616+00:00",
      "extra_flags": "",
      "explanation": "",
      "labels": [],
      "comments": [],
      "checks": [],
      "suggestions": []
    },
    {
      "translation_id": 6,
      "id_hash": "db5b22041f493b08",
      "location": "",
      "context": "POINTS",
      "note": "",
      "flags": "",
      "source": "Points",
      "previous_source": "",
      "target": "Points",
      "state": 20,
      "original_state": 20,
      "details": {},
      "position": 18,
      "num_words": 1,
      "priority": 100,
      "pending": false,
      "timestamp": "2022-12-14T12:15:21.885919+00:00",
      "extra_flags": "",
      "explanation": "",
      "labels": [],
      "comments": [],
      "checks": [],
      "suggestions": []
    },
    {
      "translation_id": 6,
      "id_hash": "caab8dce1417b4ad",
      "location": "",
      "context": "BUTTON.CHANGE_PASSWORD",
      "note": "",
      "flags": "",
      "source": "Change Password",
      "previous_source": "",
      "target": "Change Password",
      "state": 20,
      "original_state": 20,
      "details": {},
      "position": 1,
      "num_words": 2,
      "priority": 100,
      "pending": true,
      "timestamp": "2022-12-14T12:15:21.695738+00:00",
      "extra_flags": "",
      "explanation": "",
      "labels": [],
      "comments": [],
      "checks": [],
      "suggestions": []
    },
    {
      "translation_id": 39,
      "id_hash": "6761dd0abbe7d138",
      "location": "",
      "context": "BUTTON.LOGOUT",
      "note": "",
      "flags": "",
      "source": "Logout",
      "previous_source": "",
      "target": "",
      "state": 0,
      "original_state": 0,
      "details": {},
      "position": 3,
      "num_words": 1,
      "priority": 100,
      "pending": false,
      "timestamp": "2022-12-14T14:46:06.783264+00:00",
      "extra_flags": "",
      "explanation": "",
      "labels": [],
      "comments": [],
      "checks": [],
      "suggestions": []
    },
    {
      "translation_id": 6,
      "id_hash": "288fca9441597da9",
      "location": "",
      "context": "BUTTON.LOGIN",
      "note": "",
      "flags": "",
      "source": "Login",
      "previous_source": "",
      "target": "Login",
      "state": 20,
      "original_state": 20,
      "details": {},
      "position": 2,
      "num_words": 1,
      "priority": 100,
      "pending": true,
      "timestamp": "2022-12-14T12:15:21.707825+00:00",
      "extra_flags": "",
      "explanation": "",
      "labels": [],
      "comments": [],
      "checks": [],
      "suggestions": []
    },
    {
      "translation_id": 6,
      "id_hash": "b0cd1545e667cb35",
      "location": "",
      "context": "DARK_MODE",
      "note": "",
      "flags": "",
      "source": "Dark Mode",
      "previous_source": "",
      "target": "Dark Mode",
      "state": 20,
      "original_state": 20,
      "details": {},
      "position": 4,
      "num_words": 2,
      "priority": 100,
      "pending": true,
      "timestamp": "2022-12-14T12:15:21.725875+00:00",
      "extra_flags": "",
      "explanation": "",
      "labels": [],
      "comments": [],
      "checks": [],
      "suggestions": []
    },
    {
      "translation_id": 6,
      "id_hash": "6761dd0abbe7d138",
      "location": "",
      "context": "BUTTON.LOGOUT",
      "note": "",
      "flags": "",
      "source": "Logout",
      "previous_source": "",
      "target": "Logout",
      "state": 20,
      "original_state": 20,
      "details": {},
      "position": 3,
      "num_words": 1,
      "priority": 100,
      "pending": true,
      "timestamp": "2022-12-14T12:15:21.717062+00:00",
      "extra_flags": "",
      "explanation": "",
      "labels": [],
      "comments": [],
      "checks": [],
      "suggestions": []
    },
    {
      "translation_id": 39,
      "id_hash": "b0cd1545e667cb35",
      "location": "",
      "context": "DARK_MODE",
      "note": "",
      "flags": "",
      "source": "Dark Mode",
      "previous_source": "",
      "target": "",
      "state": 0,
      "original_state": 0,
      "details": {},
      "position": 4,
      "num_words": 2,
      "priority": 100,
      "pending": false,
      "timestamp": "2022-12-14T14:46:06.783822+00:00",
      "extra_flags": "",
      "explanation": "",
      "labels": [],
      "comments": [],
      "checks": [],
      "suggestions": []
    },
    {
      "translation_id": 6,
      "id_hash": "d8c2b308b26c4f64",
      "location": "",
      "context": "FORGOT_PASSWORD",
      "note": "",
      "flags": "",
      "source": "forgot Password",
      "previous_source": "",
      "target": "forgot Password",
      "state": 20,
      "original_state": 20,
      "details": {},
      "position": 5,
      "num_words": 2,
      "priority": 100,
      "pending": true,
      "timestamp": "2022-12-14T12:15:21.735451+00:00",
      "extra_flags": "",
      "explanation": "",
      "labels": [],
      "comments": [],
      "checks": [],
      "suggestions": []
    },
    {
      "translation_id": 39,
      "id_hash": "d8c2b308b26c4f64",
      "location": "",
      "context": "FORGOT_PASSWORD",
      "note": "",
      "flags": "",
      "source": "forgot Password",
      "previous_source": "",
      "target": "",
      "state": 0,
      "original_state": 0,
      "details": {},
      "position": 5,
      "num_words": 2,
      "priority": 100,
      "pending": false,
      "timestamp": "2022-12-14T14:46:06.784408+00:00",
      "extra_flags": "",
      "explanation": "",
      "labels": [],
      "comments": [],
      "checks": [],
      "suggestions": []
    },
    {
      "translation_id": 6,
      "id_hash": "3b174a18a6bc027f",
      "location": "",
      "context": "GAMES",
      "note": "",
      "flags": "",
      "source": "Games",
      "previous_source": "",
      "target": "Games",
      "state": 20,
      "original_state": 20,
      "details": {},
      "position": 6,
      "num_words": 1,
      "priority": 100,
      "pending": true,
      "timestamp": "2022-12-14T12:15:21.750698+00:00",
      "extra_flags": "",
      "explanation": "",
      "labels": [],
      "comments": [],
      "checks": [],
      "suggestions": []
    },
    {
      "translation_id": 39,
      "id_hash": "3b174a18a6bc027f",
      "location": "",
      "context": "GAMES",
      "note": "",
      "flags": "",
      "source": "Games",
      "previous_source": "",
      "target": "",
      "state": 0,
      "original_state": 0,
      "details": {},
      "position": 6,
      "num_words": 1,
      "priority": 100,
      "pending": false,
      "timestamp": "2022-12-14T14:46:06.784975+00:00",
      "extra_flags": "",
      "explanation": "",
      "labels": [],
      "comments": [],
      "checks": [],
      "suggestions": []
    },
    {
      "translation_id": 43,
      "id_hash": "caab8dce1417b4ad",
      "location": "",
      "context": "BUTTON.CHANGE_PASSWORD",
      "note": "",
      "flags": "",
      "source": "Change Password",
      "previous_source": "",
      "target": "Changer le mot de passe",
      "state": 20,
      "original_state": 20,
      "details": {},
      "position": 1,
      "num_words": 2,
      "priority": 100,
      "pending": true,
      "timestamp": "2022-12-14T15:04:11.101676+00:00",
      "extra_flags": "",
      "explanation": "",
      "labels": [],
      "comments": [],
      "checks": [],
      "suggestions": []
    },
    {
      "translation_id": 43,
      "id_hash": "288fca9441597da9",
      "location": "",
      "context": "BUTTON.LOGIN",
      "note": "",
      "flags": "",
      "source": "Login",
      "previous_source": "",
      "target": "Connexion",
      "state": 20,
      "original_state": 20,
      "details": {},
      "position": 2,
      "num_words": 1,
      "priority": 100,
      "pending": true,
      "timestamp": "2022-12-14T15:04:11.102781+00:00",
      "extra_flags": "",
      "explanation": "",
      "labels": [],
      "comments": [],
      "checks": [],
      "suggestions": []
    },
    {
      "translation_id": 43,
      "id_hash": "6761dd0abbe7d138",
      "location": "",
      "context": "BUTTON.LOGOUT",
      "note": "",
      "flags": "",
      "source": "Logout",
      "previous_source": "",
      "target": "Déconnexion",
      "state": 20,
      "original_state": 20,
      "details": {},
      "position": 3,
      "num_words": 1,
      "priority": 100,
      "pending": true,
      "timestamp": "2022-12-14T15:04:11.103375+00:00",
      "extra_flags": "",
      "explanation": "",
      "labels": [],
      "comments": [],
      "checks": [],
      "suggestions": []
    },
    {
      "translation_id": 43,
      "id_hash": "b0cd1545e667cb35",
      "location": "",
      "context": "DARK_MODE",
      "note": "",
      "flags": "",
      "source": "Dark Mode",
      "previous_source": "",
      "target": "Mode foncé",
      "state": 20,
      "original_state": 20,
      "details": {},
      "position": 4,
      "num_words": 2,
      "priority": 100,
      "pending": true,
      "timestamp": "2022-12-14T15:04:11.103962+00:00",
      "extra_flags": "",
      "explanation": "",
      "labels": [],
      "comments": [],
      "checks": [],
      "suggestions": []
    },
    {
      "translation_id": 43,
      "id_hash": "d8c2b308b26c4f64",
      "location": "",
      "context": "FORGOT_PASSWORD",
      "note": "",
      "flags": "",
      "source": "forgot Password",
      "previous_source": "",
      "target": "Mot de passe oublié",
      "state": 20,
      "original_state": 20,
      "details": {},
      "position": 5,
      "num_words": 2,
      "priority": 100,
      "pending": true,
      "timestamp": "2022-12-14T15:04:11.104757+00:00",
      "extra_flags": "",
      "explanation": "",
      "labels": [],
      "comments": [],
      "checks": [],
      "suggestions": []
    },
    {
      "translation_id": 43,
      "id_hash": "3b174a18a6bc027f",
      "location": "",
      "context": "GAMES",
      "note": "",
      "flags": "",
      "source": "Games",
      "previous_source": "",
      "target": "Jeux",
      "state": 20,
      "original_state": 20,
      "details": {},
      "position": 6,
      "num_words": 1,
      "priority": 100,
      "pending": true,
      "timestamp": "2022-12-14T15:04:11.105433+00:00",
      "extra_flags": "",
      "explanation": "",
      "labels": [],
      "comments": [],
      "checks": [],
      "suggestions": []
    },
    {
      "translation_id": 41,
      "id_hash": "8f40fb62c3d59cd9",
      "location": "",
      "context": "LOGGED_IN_AS",
      "note": "",
      "flags": "",
      "source": "Logged in as",
      "previous_source": "",
      "target": "",
      "state": 0,
      "original_state": 0,
      "details": {},
      "position": 7,
      "num_words": 3,
      "priority": 100,
      "pending": false,
      "timestamp": "2022-12-14T14:46:39.767709+00:00",
      "extra_flags": "",
      "explanation": "",
      "labels": [],
      "comments": [],
      "checks": [],
      "suggestions": []
    },
    {
      "translation_id": 39,
      "id_hash": "670e5c4b7dea71aa",
      "location": "",
      "context": "SCORED_CONCEDED",
      "note": "",
      "flags": "",
      "source": "Goals",
      "previous_source": "",
      "target": "",
      "state": 0,
      "original_state": 0,
      "details": {},
      "position": 19,
      "num_words": 1,
      "priority": 100,
      "pending": false,
      "timestamp": "2022-12-14T14:46:06.792052+00:00",
      "extra_flags": "",
      "explanation": "",
      "labels": [],
      "comments": [],
      "checks": [],
      "suggestions": []
    },
    {
      "translation_id": 39,
      "id_hash": "92f570a8b8748efb",
      "location": "",
      "context": "MENU.ADMIN",
      "note": "",
      "flags": "",
      "source": "Administration",
      "previous_source": "",
      "target": "",
      "state": 0,
      "original_state": 0,
      "details": {},
      "position": 9,
      "num_words": 1,
      "priority": 100,
      "pending": false,
      "timestamp": "2022-12-14T14:46:06.786694+00:00",
      "extra_flags": "",
      "explanation": "",
      "labels": [],
      "comments": [],
      "checks": [],
      "suggestions": []
    },
    {
      "translation_id": 43,
      "id_hash": "8f40fb62c3d59cd9",
      "location": "",
      "context": "LOGGED_IN_AS",
      "note": "",
      "flags": "",
      "source": "Logged in as",
      "previous_source": "",
      "target": "Connecté en tant que",
      "state": 20,
      "original_state": 20,
      "details": {},
      "position": 7,
      "num_words": 3,
      "priority": 100,
      "pending": true,
      "timestamp": "2022-12-14T15:04:11.106053+00:00",
      "extra_flags": "",
      "explanation": "",
      "labels": [],
      "comments": [],
      "checks": [],
      "suggestions": []
    },
    {
      "translation_id": 43,
      "id_hash": "d63f684b9789f95b",
      "location": "",
      "context": "LOGIN",
      "note": "",
      "flags": "",
      "source": "Login",
      "previous_source": "",
      "target": "Connexion",
      "state": 20,
      "original_state": 20,
      "details": {},
      "position": 8,
      "num_words": 1,
      "priority": 100,
      "pending": true,
      "timestamp": "2022-12-14T15:04:11.106818+00:00",
      "extra_flags": "",
      "explanation": "",
      "labels": [],
      "comments": [],
      "checks": [],
      "suggestions": []
    },
    {
      "translation_id": 43,
      "id_hash": "0188920498b601cb",
      "location": "",
      "context": "MENU.CALENDAR",
      "note": "",
      "flags": "",
      "source": "Calendar",
      "previous_source": "",
      "target": "Calendrier",
      "state": 20,
      "original_state": 20,
      "details": {},
      "position": 10,
      "num_words": 1,
      "priority": 100,
      "pending": true,
      "timestamp": "2022-12-14T15:04:11.107938+00:00",
      "extra_flags": "",
      "explanation": "",
      "labels": [],
      "comments": [],
      "checks": [],
      "suggestions": []
    },
    {
      "translation_id": 43,
      "id_hash": "c1686b517b0a4e40",
      "location": "",
      "context": "MENU.CONTACTS",
      "note": "",
      "flags": "",
      "source": "Contacs",
      "previous_source": "",
      "target": "Contacs",
      "state": 20,
      "original_state": 20,
      "details": {},
      "position": 11,
      "num_words": 1,
      "priority": 100,
      "pending": true,
      "timestamp": "2022-12-14T15:04:11.108480+00:00",
      "extra_flags": "",
      "explanation": "",
      "labels": [],
      "comments": [],
      "checks": [
        {
          "name": "same",
          "dismissed": false
        }
      ],
      "suggestions": []
    },
    {
      "translation_id": 43,
      "id_hash": "5f702419fb2b0081",
      "location": "",
      "context": "PASSWORD",
      "note": "",
      "flags": "",
      "source": "Password",
      "previous_source": "",
      "target": "Mot de passe",
      "state": 20,
      "original_state": 20,
      "details": {},
      "position": 16,
      "num_words": 1,
      "priority": 100,
      "pending": true,
      "timestamp": "2022-12-14T15:04:11.111397+00:00",
      "extra_flags": "",
      "explanation": "",
      "labels": [],
      "comments": [],
      "checks": [],
      "suggestions": []
    },
    {
      "translation_id": 43,
      "id_hash": "db5b22041f493b08",
      "location": "",
      "context": "POINTS",
      "note": "",
      "flags": "",
      "source": "Points",
      "previous_source": "",
      "target": "Points",
      "state": 20,
      "original_state": 20,
      "details": {},
      "position": 18,
      "num_words": 1,
      "priority": 100,
      "pending": true,
      "timestamp": "2022-12-14T15:04:11.112573+00:00",
      "extra_flags": "",
      "explanation": "",
      "labels": [],
      "comments": [],
      "checks": [],
      "suggestions": []
    },
    {
      "translation_id": 41,
      "id_hash": "92f570a8b8748efb",
      "location": "",
      "context": "MENU.ADMIN",
      "note": "",
      "flags": "",
      "source": "Administration",
      "previous_source": "",
      "target": "",
      "state": 0,
      "original_state": 0,
      "details": {},
      "position": 9,
      "num_words": 1,
      "priority": 100,
      "pending": false,
      "timestamp": "2022-12-14T14:46:39.768856+00:00",
      "extra_flags": "",
      "explanation": "",
      "labels": [],
      "comments": [],
      "checks": [],
      "suggestions": []
    },
    {
      "translation_id": 39,
      "id_hash": "0188920498b601cb",
      "location": "",
      "context": "MENU.CALENDAR",
      "note": "",
      "flags": "",
      "source": "Calendar",
      "previous_source": "",
      "target": "",
      "state": 0,
      "original_state": 0,
      "details": {},
      "position": 10,
      "num_words": 1,
      "priority": 100,
      "pending": false,
      "timestamp": "2022-12-14T14:46:06.787264+00:00",
      "extra_flags": "",
      "explanation": "",
      "labels": [],
      "comments": [],
      "checks": [],
      "suggestions": []
    },
    {
      "translation_id": 41,
      "id_hash": "0188920498b601cb",
      "location": "",
      "context": "MENU.CALENDAR",
      "note": "",
      "flags": "",
      "source": "Calendar",
      "previous_source": "",
      "target": "",
      "state": 0,
      "original_state": 0,
      "details": {},
      "position": 10,
      "num_words": 1,
      "priority": 100,
      "pending": false,
      "timestamp": "2022-12-14T14:46:39.769387+00:00",
      "extra_flags": "",
      "explanation": "",
      "labels": [],
      "comments": [],
      "checks": [],
      "suggestions": []
    },
    {
      "translation_id": 39,
      "id_hash": "c1686b517b0a4e40",
      "location": "",
      "context": "MENU.CONTACTS",
      "note": "",
      "flags": "",
      "source": "Contacs",
      "previous_source": "",
      "target": "",
      "state": 0,
      "original_state": 0,
      "details": {},
      "position": 11,
      "num_words": 1,
      "priority": 100,
      "pending": false,
      "timestamp": "2022-12-14T14:46:06.787791+00:00",
      "extra_flags": "",
      "explanation": "",
      "labels": [],
      "comments": [],
      "checks": [],
      "suggestions": []
    },
    {
      "translation_id": 41,
      "id_hash": "c1686b517b0a4e40",
      "location": "",
      "context": "MENU.CONTACTS",
      "note": "",
      "flags": "",
      "source": "Contacs",
      "previous_source": "",
      "target": "",
      "state": 0,
      "original_state": 0,
      "details": {},
      "position": 11,
      "num_words": 1,
      "priority": 100,
      "pending": false,
      "timestamp": "2022-12-14T14:46:39.769936+00:00",
      "extra_flags": "",
      "explanation": "",
      "labels": [],
      "comments": [],
      "checks": [],
      "suggestions": []
    },
    {
      "translation_id": 39,
      "id_hash": "ba6a8fa976f6f8df",
      "location": "",
      "context": "MENU.SCHEDULE",
      "note": "",
      "flags": "",
      "source": "Schedule",
      "previous_source": "",
      "target": "",
      "state": 0,
      "original_state": 0,
      "details": {},
      "position": 12,
      "num_words": 1,
      "priority": 100,
      "pending": false,
      "timestamp": "2022-12-14T14:46:06.788321+00:00",
      "extra_flags": "",
      "explanation": "",
      "labels": [],
      "comments": [],
      "checks": [],
      "suggestions": []
    },
    {
      "translation_id": 41,
      "id_hash": "ba6a8fa976f6f8df",
      "location": "",
      "context": "MENU.SCHEDULE",
      "note": "",
      "flags": "",
      "source": "Schedule",
      "previous_source": "",
      "target": "",
      "state": 0,
      "original_state": 0,
      "details": {},
      "position": 12,
      "num_words": 1,
      "priority": 100,
      "pending": false,
      "timestamp": "2022-12-14T14:46:39.770465+00:00",
      "extra_flags": "",
      "explanation": "",
      "labels": [],
      "comments": [],
      "checks": [],
      "suggestions": []
    },
    {
      "translation_id": 41,
      "id_hash": "670e5c4b7dea71aa",
      "location": "",
      "context": "SCORED_CONCEDED",
      "note": "",
      "flags": "",
      "source": "Goals",
      "previous_source": "",
      "target": "",
      "state": 0,
      "original_state": 0,
      "details": {},
      "position": 19,
      "num_words": 1,
      "priority": 100,
      "pending": false,
      "timestamp": "2022-12-14T14:46:39.774444+00:00",
      "extra_flags": "",
      "explanation": "",
      "labels": [],
      "comments": [],
      "checks": [],
      "suggestions": []
    },
    {
      "translation_id": 39,
      "id_hash": "65d76dfe6a609fc5",
      "location": "",
      "context": "SEND_NEW_PASSWORD_MAIL_ERROR",
      "note": "",
      "flags": "",
      "source": "New Password send error",
      "previous_source": "",
      "target": "",
      "state": 0,
      "original_state": 0,
      "details": {},
      "position": 20,
      "num_words": 4,
      "priority": 100,
      "pending": false,
      "timestamp": "2022-12-14T14:46:06.792567+00:00",
      "extra_flags": "",
      "explanation": "",
      "labels": [],
      "comments": [],
      "checks": [],
      "suggestions": []
    },
    {
      "translation_id": 41,
      "id_hash": "65d76dfe6a609fc5",
      "location": "",
      "context": "SEND_NEW_PASSWORD_MAIL_ERROR",
      "note": "",
      "flags": "",
      "source": "New Password send error",
      "previous_source": "",
      "target": "",
      "state": 0,
      "original_state": 0,
      "details": {},
      "position": 20,
      "num_words": 4,
      "priority": 100,
      "pending": false,
      "timestamp": "2022-12-14T14:46:39.775006+00:00",
      "extra_flags": "",
      "explanation": "",
      "labels": [],
      "comments": [],
      "checks": [],
      "suggestions": []
    },
    {
      "translation_id": 39,
      "id_hash": "4745fe681e62a73e",
      "location": "",
      "context": "SEND_NEW_PASSWORD_MAIL_SUCCESS",
      "note": "",
      "flags": "",
      "source": "Email is on the way",
      "previous_source": "",
      "target": "",
      "state": 0,
      "original_state": 0,
      "details": {},
      "position": 21,
      "num_words": 5,
      "priority": 100,
      "pending": false,
      "timestamp": "2022-12-14T14:46:06.793098+00:00",
      "extra_flags": "",
      "explanation": "",
      "labels": [],
      "comments": [],
      "checks": [],
      "suggestions": []
    },
    {
      "translation_id": 41,
      "id_hash": "4745fe681e62a73e",
      "location": "",
      "context": "SEND_NEW_PASSWORD_MAIL_SUCCESS",
      "note": "",
      "flags": "",
      "source": "Email is on the way",
      "previous_source": "",
      "target": "",
      "state": 0,
      "original_state": 0,
      "details": {},
      "position": 21,
      "num_words": 5,
      "priority": 100,
      "pending": false,
      "timestamp": "2022-12-14T14:46:39.775560+00:00",
      "extra_flags": "",
      "explanation": "",
      "labels": [],
      "comments": [],
      "checks": [],
      "suggestions": []
    },
    {
      "translation_id": 39,
      "id_hash": "b76d0497364f378a",
      "location": "",
      "context": "TEAM_NAME",
      "note": "",
      "flags": "",
      "source": "Team Name",
      "previous_source": "",
      "target": "",
      "state": 0,
      "original_state": 0,
      "details": {},
      "position": 22,
      "num_words": 2,
      "priority": 100,
      "pending": false,
      "timestamp": "2022-12-14T14:46:06.793626+00:00",
      "extra_flags": "",
      "explanation": "",
      "labels": [],
      "comments": [],
      "checks": [],
      "suggestions": []
    },
    {
      "translation_id": 41,
      "id_hash": "b76d0497364f378a",
      "location": "",
      "context": "TEAM_NAME",
      "note": "",
      "flags": "",
      "source": "Team Name",
      "previous_source": "",
      "target": "",
      "state": 0,
      "original_state": 0,
      "details": {},
      "position": 22,
      "num_words": 2,
      "priority": 100,
      "pending": false,
      "timestamp": "2022-12-14T14:46:39.776104+00:00",
      "extra_flags": "",
      "explanation": "",
      "labels": [],
      "comments": [],
      "checks": [],
      "suggestions": []
    },
    {
      "translation_id": 39,
      "id_hash": "48ccae9a13eeab51",
      "location": "",
      "context": "THEMES",
      "note": "",
      "flags": "",
      "source": "Themes",
      "previous_source": "",
      "target": "",
      "state": 0,
      "original_state": 0,
      "details": {},
      "position": 23,
      "num_words": 1,
      "priority": 100,
      "pending": false,
      "timestamp": "2022-12-14T14:46:06.794351+00:00",
      "extra_flags": "",
      "explanation": "",
      "labels": [],
      "comments": [],
      "checks": [],
      "suggestions": []
    },
    {
      "translation_id": 41,
      "id_hash": "48ccae9a13eeab51",
      "location": "",
      "context": "THEMES",
      "note": "",
      "flags": "",
      "source": "Themes",
      "previous_source": "",
      "target": "",
      "state": 0,
      "original_state": 0,
      "details": {},
      "position": 23,
      "num_words": 1,
      "priority": 100,
      "pending": false,
      "timestamp": "2022-12-14T14:46:39.776687+00:00",
      "extra_flags": "",
      "explanation": "",
      "labels": [],
      "comments": [],
      "checks": [],
      "suggestions": []
    },
    {
      "translation_id": 39,
      "id_hash": "33becc5e8b4e4357",
      "location": "",
      "context": "UNKNOWN_NETWORK_ERROR",
      "note": "",
      "flags": "",
      "source": "Unknown Network Error",
      "previous_source": "",
      "target": "",
      "state": 0,
      "original_state": 0,
      "details": {},
      "position": 24,
      "num_words": 3,
      "priority": 100,
      "pending": false,
      "timestamp": "2022-12-14T14:46:06.794990+00:00",
      "extra_flags": "",
      "explanation": "",
      "labels": [],
      "comments": [],
      "checks": [],
      "suggestions": []
    },
    {
      "translation_id": 41,
      "id_hash": "33becc5e8b4e4357",
      "location": "",
      "context": "UNKNOWN_NETWORK_ERROR",
      "note": "",
      "flags": "",
      "source": "Unknown Network Error",
      "previous_source": "",
      "target": "",
      "state": 0,
      "original_state": 0,
      "details": {},
      "position": 24,
      "num_words": 3,
      "priority": 100,
      "pending": false,
      "timestamp": "2022-12-14T14:46:39.777220+00:00",
      "extra_flags": "",
      "explanation": "",
      "labels": [],
      "comments": [],
      "checks": [],
      "suggestions": []
    },
    {
      "translation_id": 39,
      "id_hash": "ca0a983517be7a5a",
      "location": "",
      "context": "USERNAME",
      "note": "",
      "flags": "",
      "source": "Username",
      "previous_source": "",
      "target": "",
      "state": 0,
      "original_state": 0,
      "details": {},
      "position": 25,
      "num_words": 1,
      "priority": 100,
      "pending": false,
      "timestamp": "2022-12-14T14:46:06.795562+00:00",
      "extra_flags": "",
      "explanation": "",
      "labels": [],
      "comments": [],
      "checks": [],
      "suggestions": []
    },
    {
      "translation_id": 41,
      "id_hash": "ca0a983517be7a5a",
      "location": "",
      "context": "USERNAME",
      "note": "",
      "flags": "",
      "source": "Username",
      "previous_source": "",
      "target": "",
      "state": 0,
      "original_state": 0,
      "details": {},
      "position": 25,
      "num_words": 1,
      "priority": 100,
      "pending": false,
      "timestamp": "2022-12-14T14:46:39.777754+00:00",
      "extra_flags": "",
      "explanation": "",
      "labels": [],
      "comments": [],
      "checks": [],
      "suggestions": []
    },
    {
      "translation_id": 39,
      "id_hash": "6b6c6669f442deca",
      "location": "",
      "context": "USERNAME_REQUIRED",
      "note": "",
      "flags": "",
      "source": "Username required",
      "previous_source": "",
      "target": "",
      "state": 0,
      "original_state": 0,
      "details": {},
      "position": 26,
      "num_words": 2,
      "priority": 100,
      "pending": false,
      "timestamp": "2022-12-14T14:46:06.796114+00:00",
      "extra_flags": "",
      "explanation": "",
      "labels": [],
      "comments": [],
      "checks": [],
      "suggestions": []
    },
    {
      "translation_id": 41,
      "id_hash": "6b6c6669f442deca",
      "location": "",
      "context": "USERNAME_REQUIRED",
      "note": "",
      "flags": "",
      "source": "Username required",
      "previous_source": "",
      "target": "",
      "state": 0,
      "original_state": 0,
      "details": {},
      "position": 26,
      "num_words": 2,
      "priority": 100,
      "pending": false,
      "timestamp": "2022-12-14T14:46:39.778279+00:00",
      "extra_flags": "",
      "explanation": "",
      "labels": [],
      "comments": [],
      "checks": [],
      "suggestions": []
    },
    {
      "translation_id": 39,
      "id_hash": "6310822570986bc0",
      "location": "",
      "context": "WINS_DRAWS_LOSSES",
      "note": "",
      "flags": "",
      "source": "V:D:L",
      "previous_source": "",
      "target": "",
      "state": 0,
      "original_state": 0,
      "details": {},
      "position": 27,
      "num_words": 1,
      "priority": 100,
      "pending": false,
      "timestamp": "2022-12-14T14:46:06.796658+00:00",
      "extra_flags": "",
      "explanation": "",
      "labels": [],
      "comments": [],
      "checks": [],
      "suggestions": []
    },
    {
      "translation_id": 41,
      "id_hash": "6310822570986bc0",
      "location": "",
      "context": "WINS_DRAWS_LOSSES",
      "note": "",
      "flags": "",
      "source": "V:D:L",
      "previous_source": "",
      "target": "",
      "state": 0,
      "original_state": 0,
      "details": {},
      "position": 27,
      "num_words": 1,
      "priority": 100,
      "pending": false,
      "timestamp": "2022-12-14T14:46:39.778814+00:00",
      "extra_flags": "",
      "explanation": "",
      "labels": [],
      "comments": [],
      "checks": [],
      "suggestions": []
    },
    {
      "translation_id": 41,
      "id_hash": "caab8dce1417b4ad",
      "location": "",
      "context": "BUTTON.CHANGE_PASSWORD",
      "note": "",
      "flags": "",
      "source": "Change Password",
      "previous_source": "",
      "target": "",
      "state": 0,
      "original_state": 0,
      "details": {},
      "position": 1,
      "num_words": 2,
      "priority": 100,
      "pending": false,
      "timestamp": "2022-12-14T14:46:39.762952+00:00",
      "extra_flags": "",
      "explanation": "",
      "labels": [],
      "comments": [],
      "checks": [],
      "suggestions": []
    },
    {
      "translation_id": 39,
      "id_hash": "1e9344f1c3429666",
      "location": "",
      "context": "MENU.TOURNAMENT",
      "note": "",
      "flags": "",
      "source": "Tournament",
      "previous_source": "",
      "target": "",
      "state": 0,
      "original_state": 0,
      "details": {},
      "position": 15,
      "num_words": 1,
      "priority": 100,
      "pending": false,
      "timestamp": "2022-12-14T14:46:06.789929+00:00",
      "extra_flags": "",
      "explanation": "",
      "labels": [],
      "comments": [],
      "checks": [],
      "suggestions": []
    },
    {
      "translation_id": 41,
      "id_hash": "1e9344f1c3429666",
      "location": "",
      "context": "MENU.TOURNAMENT",
      "note": "",
      "flags": "",
      "source": "Tournament",
      "previous_source": "",
      "target": "",
      "state": 0,
      "original_state": 0,
      "details": {},
      "position": 15,
      "num_words": 1,
      "priority": 100,
      "pending": false,
      "timestamp": "2022-12-14T14:46:39.772180+00:00",
      "extra_flags": "",
      "explanation": "",
      "labels": [],
      "comments": [],
      "checks": [],
      "suggestions": []
    },
    {
      "translation_id": 39,
      "id_hash": "5f702419fb2b0081",
      "location": "",
      "context": "PASSWORD",
      "note": "",
      "flags": "",
      "source": "Password",
      "previous_source": "",
      "target": "",
      "state": 0,
      "original_state": 0,
      "details": {},
      "position": 16,
      "num_words": 1,
      "priority": 100,
      "pending": false,
      "timestamp": "2022-12-14T14:46:06.790460+00:00",
      "extra_flags": "",
      "explanation": "",
      "labels": [],
      "comments": [],
      "checks": [],
      "suggestions": []
    },
    {
      "translation_id": 41,
      "id_hash": "5f702419fb2b0081",
      "location": "",
      "context": "PASSWORD",
      "note": "",
      "flags": "",
      "source": "Password",
      "previous_source": "",
      "target": "",
      "state": 0,
      "original_state": 0,
      "details": {},
      "position": 16,
      "num_words": 1,
      "priority": 100,
      "pending": false,
      "timestamp": "2022-12-14T14:46:39.772724+00:00",
      "extra_flags": "",
      "explanation": "",
      "labels": [],
      "comments": [],
      "checks": [],
      "suggestions": []
    },
    {
      "translation_id": 39,
      "id_hash": "f7e2a3a0191a12f8",
      "location": "",
      "context": "PASSWORD_REQUIRED",
      "note": "",
      "flags": "",
      "source": "Password required",
      "previous_source": "",
      "target": "",
      "state": 0,
      "original_state": 0,
      "details": {},
      "position": 17,
      "num_words": 2,
      "priority": 100,
      "pending": false,
      "timestamp": "2022-12-14T14:46:06.790991+00:00",
      "extra_flags": "",
      "explanation": "",
      "labels": [],
      "comments": [],
      "checks": [],
      "suggestions": []
    },
    {
      "translation_id": 41,
      "id_hash": "f7e2a3a0191a12f8",
      "location": "",
      "context": "PASSWORD_REQUIRED",
      "note": "",
      "flags": "",
      "source": "Password required",
      "previous_source": "",
      "target": "",
      "state": 0,
      "original_state": 0,
      "details": {},
      "position": 17,
      "num_words": 2,
      "priority": 100,
      "pending": false,
      "timestamp": "2022-12-14T14:46:39.773241+00:00",
      "extra_flags": "",
      "explanation": "",
      "labels": [],
      "comments": [],
      "checks": [],
      "suggestions": []
    },
    {
      "translation_id": 39,
      "id_hash": "db5b22041f493b08",
      "location": "",
      "context": "POINTS",
      "note": "",
      "flags": "",
      "source": "Points",
      "previous_source": "",
      "target": "",
      "state": 0,
      "original_state": 0,
      "details": {},
      "position": 18,
      "num_words": 1,
      "priority": 100,
      "pending": false,
      "timestamp": "2022-12-14T14:46:06.791523+00:00",
      "extra_flags": "",
      "explanation": "",
      "labels": [],
      "comments": [],
      "checks": [],
      "suggestions": []
    },
    {
      "translation_id": 41,
      "id_hash": "db5b22041f493b08",
      "location": "",
      "context": "POINTS",
      "note": "",
      "flags": "",
      "source": "Points",
      "previous_source": "",
      "target": "",
      "state": 0,
      "original_state": 0,
      "details": {},
      "position": 18,
      "num_words": 1,
      "priority": 100,
      "pending": false,
      "timestamp": "2022-12-14T14:46:39.773846+00:00",
      "extra_flags": "",
      "explanation": "",
      "labels": [],
      "comments": [],
      "checks": [],
      "suggestions": []
    },
    {
      "translation_id": 41,
      "id_hash": "288fca9441597da9",
      "location": "",
      "context": "BUTTON.LOGIN",
      "note": "",
      "flags": "",
      "source": "Login",
      "previous_source": "",
      "target": "",
      "state": 0,
      "original_state": 0,
      "details": {},
      "position": 2,
      "num_words": 1,
      "priority": 100,
      "pending": false,
      "timestamp": "2022-12-14T14:46:39.764210+00:00",
      "extra_flags": "",
      "explanation": "",
      "labels": [],
      "comments": [],
      "checks": [],
      "suggestions": []
    },
    {
      "translation_id": 41,
      "id_hash": "6761dd0abbe7d138",
      "location": "",
      "context": "BUTTON.LOGOUT",
      "note": "",
      "flags": "",
      "source": "Logout",
      "previous_source": "",
      "target": "",
      "state": 0,
      "original_state": 0,
      "details": {},
      "position": 3,
      "num_words": 1,
      "priority": 100,
      "pending": false,
      "timestamp": "2022-12-14T14:46:39.764861+00:00",
      "extra_flags": "",
      "explanation": "",
      "labels": [],
      "comments": [],
      "checks": [],
      "suggestions": []
    },
    {
      "translation_id": 41,
      "id_hash": "b0cd1545e667cb35",
      "location": "",
      "context": "DARK_MODE",
      "note": "",
      "flags": "",
      "source": "Dark Mode",
      "previous_source": "",
      "target": "",
      "state": 0,
      "original_state": 0,
      "details": {},
      "position": 4,
      "num_words": 2,
      "priority": 100,
      "pending": false,
      "timestamp": "2022-12-14T14:46:39.765436+00:00",
      "extra_flags": "",
      "explanation": "",
      "labels": [],
      "comments": [],
      "checks": [],
      "suggestions": []
    },
    {
      "translation_id": 41,
      "id_hash": "d8c2b308b26c4f64",
      "location": "",
      "context": "FORGOT_PASSWORD",
      "note": "",
      "flags": "",
      "source": "forgot Password",
      "previous_source": "",
      "target": "",
      "state": 0,
      "original_state": 0,
      "details": {},
      "position": 5,
      "num_words": 2,
      "priority": 100,
      "pending": false,
      "timestamp": "2022-12-14T14:46:39.766406+00:00",
      "extra_flags": "",
      "explanation": "",
      "labels": [],
      "comments": [],
      "checks": [],
      "suggestions": []
    },
    {
      "translation_id": 41,
      "id_hash": "3b174a18a6bc027f",
      "location": "",
      "context": "GAMES",
      "note": "",
      "flags": "",
      "source": "Games",
      "previous_source": "",
      "target": "",
      "state": 0,
      "original_state": 0,
      "details": {},
      "position": 6,
      "num_words": 1,
      "priority": 100,
      "pending": false,
      "timestamp": "2022-12-14T14:46:39.767110+00:00",
      "extra_flags": "",
      "explanation": "",
      "labels": [],
      "comments": [],
      "checks": [],
      "suggestions": []
    },
    {
      "translation_id": 41,
      "id_hash": "d63f684b9789f95b",
      "location": "",
      "context": "LOGIN",
      "note": "",
      "flags": "",
      "source": "Login",
      "previous_source": "",
      "target": "",
      "state": 0,
      "original_state": 0,
      "details": {},
      "position": 8,
      "num_words": 1,
      "priority": 100,
      "pending": false,
      "timestamp": "2022-12-14T14:46:39.768279+00:00",
      "extra_flags": "",
      "explanation": "",
      "labels": [],
      "comments": [],
      "checks": [],
      "suggestions": []
    },
    {
      "translation_id": 43,
      "id_hash": "ba6a8fa976f6f8df",
      "location": "",
      "context": "MENU.SCHEDULE",
      "note": "",
      "flags": "",
      "source": "Schedule",
      "previous_source": "",
      "target": "Programme",
      "state": 20,
      "original_state": 20,
      "details": {},
      "position": 12,
      "num_words": 1,
      "priority": 100,
      "pending": true,
      "timestamp": "2022-12-14T15:04:11.109076+00:00",
      "extra_flags": "",
      "explanation": "",
      "labels": [],
      "comments": [],
      "checks": [],
      "suggestions": []
    },
    {
      "translation_id": 43,
      "id_hash": "f9ecbb663139da11",
      "location": "",
      "context": "MENU.TABLE",
      "note": "",
      "flags": "",
      "source": "Table",
      "previous_source": "",
      "target": "Tableau",
      "state": 20,
      "original_state": 20,
      "details": {},
      "position": 13,
      "num_words": 1,
      "priority": 100,
      "pending": true,
      "timestamp": "2022-12-14T15:04:11.109655+00:00",
      "extra_flags": "",
      "explanation": "",
      "labels": [],
      "comments": [],
      "checks": [],
      "suggestions": []
    },
    {
      "translation_id": 43,
      "id_hash": "fffde5fd02ec7ce0",
      "location": "",
      "context": "MENU.TEAM_ADMIN",
      "note": "",
      "flags": "",
      "source": "Team Management",
      "previous_source": "",
      "target": "Gestion d'équipe",
      "state": 20,
      "original_state": 20,
      "details": {},
      "position": 14,
      "num_words": 2,
      "priority": 100,
      "pending": true,
      "timestamp": "2022-12-14T15:04:11.110199+00:00",
      "extra_flags": "",
      "explanation": "",
      "labels": [],
      "comments": [],
      "checks": [],
      "suggestions": []
    },
    {
      "translation_id": 43,
      "id_hash": "1e9344f1c3429666",
      "location": "",
      "context": "MENU.TOURNAMENT",
      "note": "",
      "flags": "",
      "source": "Tournament",
      "previous_source": "",
      "target": "Tournoi",
      "state": 20,
      "original_state": 20,
      "details": {},
      "position": 15,
      "num_words": 1,
      "priority": 100,
      "pending": true,
      "timestamp": "2022-12-14T15:04:11.110764+00:00",
      "extra_flags": "",
      "explanation": "",
      "labels": [],
      "comments": [],
      "checks": [],
      "suggestions": []
    },
    {
      "translation_id": 43,
      "id_hash": "f7e2a3a0191a12f8",
      "location": "",
      "context": "PASSWORD_REQUIRED",
      "note": "",
      "flags": "",
      "source": "Password required",
      "previous_source": "",
      "target": "Mot de passe requis",
      "state": 20,
      "original_state": 20,
      "details": {},
      "position": 17,
      "num_words": 2,
      "priority": 100,
      "pending": true,
      "timestamp": "2022-12-14T15:04:11.112024+00:00",
      "extra_flags": "",
      "explanation": "",
      "labels": [],
      "comments": [],
      "checks": [],
      "suggestions": []
    },
    {
      "translation_id": 43,
      "id_hash": "670e5c4b7dea71aa",
      "location": "",
      "context": "SCORED_CONCEDED",
      "note": "",
      "flags": "",
      "source": "Goals",
      "previous_source": "",
      "target": "Objectifs",
      "state": 20,
      "original_state": 20,
      "details": {},
      "position": 19,
      "num_words": 1,
      "priority": 100,
      "pending": true,
      "timestamp": "2022-12-14T15:04:11.113106+00:00",
      "extra_flags": "",
      "explanation": "",
      "labels": [],
      "comments": [],
      "checks": [],
      "suggestions": []
    },
    {
      "translation_id": 43,
      "id_hash": "65d76dfe6a609fc5",
      "location": "",
      "context": "SEND_NEW_PASSWORD_MAIL_ERROR",
      "note": "",
      "flags": "",
      "source": "New Password send error",
      "previous_source": "",
      "target": "Erreur d'envoi du nouveau mot de passe",
      "state": 20,
      "original_state": 20,
      "details": {},
      "position": 20,
      "num_words": 4,
      "priority": 100,
      "pending": true,
      "timestamp": "2022-12-14T15:04:11.113706+00:00",
      "extra_flags": "",
      "explanation": "",
      "labels": [],
      "comments": [],
      "checks": [],
      "suggestions": []
    },
    {
      "translation_id": 43,
      "id_hash": "4745fe681e62a73e",
      "location": "",
      "context": "SEND_NEW_PASSWORD_MAIL_SUCCESS",
      "note": "",
      "flags": "",
      "source": "Email is on the way",
      "previous_source": "",
      "target": "L'e-mail est en route",
      "state": 20,
      "original_state": 20,
      "details": {},
      "position": 21,
      "num_words": 5,
      "priority": 100,
      "pending": true,
      "timestamp": "2022-12-14T15:04:11.114268+00:00",
      "extra_flags": "",
      "explanation": "",
      "labels": [],
      "comments": [],
      "checks": [],
      "suggestions": []
    },
    {
      "translation_id": 43,
      "id_hash": "b76d0497364f378a",
      "location": "",
      "context": "TEAM_NAME",
      "note": "",
      "flags": "",
      "source": "Team Name",
      "previous_source": "",
      "target": "Nom de l'équipe",
      "state": 20,
      "original_state": 20,
      "details": {},
      "position": 22,
      "num_words": 2,
      "priority": 100,
      "pending": true,
      "timestamp": "2022-12-14T15:04:11.114839+00:00",
      "extra_flags": "",
      "explanation": "",
      "labels": [],
      "comments": [],
      "checks": [],
      "suggestions": []
    },
    {
      "translation_id": 43,
      "id_hash": "48ccae9a13eeab51",
      "location": "",
      "context": "THEMES",
      "note": "",
      "flags": "",
      "source": "Themes",
      "previous_source": "",
      "target": "Thèmes",
      "state": 20,
      "original_state": 20,
      "details": {},
      "position": 23,
      "num_words": 1,
      "priority": 100,
      "pending": true,
      "timestamp": "2022-12-14T15:04:11.115402+00:00",
      "extra_flags": "",
      "explanation": "",
      "labels": [],
      "comments": [],
      "checks": [],
      "suggestions": []
    },
    {
      "translation_id": 39,
      "id_hash": "f9ecbb663139da11",
      "location": "",
      "context": "MENU.TABLE",
      "note": "",
      "flags": "",
      "source": "Table",
      "previous_source": "",
      "target": "",
      "state": 0,
      "original_state": 0,
      "details": {},
      "position": 13,
      "num_words": 1,
      "priority": 100,
      "pending": false,
      "timestamp": "2022-12-14T14:46:06.788839+00:00",
      "extra_flags": "",
      "explanation": "",
      "labels": [],
      "comments": [],
      "checks": [],
      "suggestions": []
    },
    {
      "translation_id": 41,
      "id_hash": "f9ecbb663139da11",
      "location": "",
      "context": "MENU.TABLE",
      "note": "",
      "flags": "",
      "source": "Table",
      "previous_source": "",
      "target": "",
      "state": 0,
      "original_state": 0,
      "details": {},
      "position": 13,
      "num_words": 1,
      "priority": 100,
      "pending": false,
      "timestamp": "2022-12-14T14:46:39.771003+00:00",
      "extra_flags": "",
      "explanation": "",
      "labels": [],
      "comments": [],
      "checks": [],
      "suggestions": []
    },
    {
      "translation_id": 43,
      "id_hash": "33becc5e8b4e4357",
      "location": "",
      "context": "UNKNOWN_NETWORK_ERROR",
      "note": "",
      "flags": "",
      "source": "Unknown Network Error",
      "previous_source": "",
      "target": "Erreur de réseau inconnu",
      "state": 20,
      "original_state": 20,
      "details": {},
      "position": 24,
      "num_words": 3,
      "priority": 100,
      "pending": true,
      "timestamp": "2022-12-14T15:04:11.115962+00:00",
      "extra_flags": "",
      "explanation": "",
      "labels": [],
      "comments": [],
      "checks": [],
      "suggestions": []
    },
    {
      "translation_id": 39,
      "id_hash": "fffde5fd02ec7ce0",
      "location": "",
      "context": "MENU.TEAM_ADMIN",
      "note": "",
      "flags": "",
      "source": "Team Management",
      "previous_source": "",
      "target": "",
      "state": 0,
      "original_state": 0,
      "details": {},
      "position": 14,
      "num_words": 2,
      "priority": 100,
      "pending": false,
      "timestamp": "2022-12-14T14:46:06.789365+00:00",
      "extra_flags": "",
      "explanation": "",
      "labels": [],
      "comments": [],
      "checks": [],
      "suggestions": []
    },
    {
      "translation_id": 41,
      "id_hash": "fffde5fd02ec7ce0",
      "location": "",
      "context": "MENU.TEAM_ADMIN",
      "note": "",
      "flags": "",
      "source": "Team Management",
      "previous_source": "",
      "target": "",
      "state": 0,
      "original_state": 0,
      "details": {},
      "position": 14,
      "num_words": 2,
      "priority": 100,
      "pending": false,
      "timestamp": "2022-12-14T14:46:39.771640+00:00",
      "extra_flags": "",
      "explanation": "",
      "labels": [],
      "comments": [],
      "checks": [],
      "suggestions": []
    },
    {
      "translation_id": 43,
      "id_hash": "ca0a983517be7a5a",
      "location": "",
      "context": "USERNAME",
      "note": "",
      "flags": "",
      "source": "Username",
      "previous_source": "",
      "target": "Nom d'utilisateur :",
      "state": 20,
      "original_state": 20,
      "details": {},
      "position": 25,
      "num_words": 1,
      "priority": 100,
      "pending": true,
      "timestamp": "2022-12-14T15:04:11.116541+00:00",
      "extra_flags": "",
      "explanation": "",
      "labels": [],
      "comments": [],
      "checks": [
        {
          "name": "end_colon",
          "dismissed": false
        }
      ],
      "suggestions": []
    },
    {
      "translation_id": 43,
      "id_hash": "6b6c6669f442deca",
      "location": "",
      "context": "USERNAME_REQUIRED",
      "note": "",
      "flags": "",
      "source": "Username required",
      "previous_source": "",
      "target": "Nom d'utilisateur requis",
      "state": 20,
      "original_state": 20,
      "details": {},
      "position": 26,
      "num_words": 2,
      "priority": 100,
      "pending": true,
      "timestamp": "2022-12-14T15:04:11.117188+00:00",
      "extra_flags": "",
      "explanation": "",
      "labels": [],
      "comments": [],
      "checks": [],
      "suggestions": []
    },
    {
      "translation_id": 43,
      "id_hash": "6310822570986bc0",
      "location": "",
      "context": "WINS_DRAWS_LOSSES",
      "note": "",
      "flags": "",
      "source": "V:D:L",
      "previous_source": "",
      "target": "",
      "state": 0,
      "original_state": 0,
      "details": {},
      "position": 27,
      "num_words": 1,
      "priority": 100,
      "pending": false,
      "timestamp": "2022-12-14T15:04:11.117770+00:00",
      "extra_flags": "",
      "explanation": "",
      "labels": [],
      "comments": [],
      "checks": [],
      "suggestions": []
    }
  ],
  "screenshots": []
}