{
  "configVersion": 1,
  "index": "/index.html",
  "assetGroups": [
    {
      "name": "app",
      "installMode": "prefetch",
      "updateMode": "prefetch",
      "urls": [
        "/favicon.ico",
        "/index.html",
        "/manifest.json",
        "/inline.8ee7c200570d0f0855a8.bundle.js",
        "/main.e296ef43a052db21eed2.bundle.js",
        "/polyfills.c4b135b19416f3437004.bundle.js",
        "/styles.ca51cbb33f7b30d538fa.bundle.css"
      ],
      "patterns": []
    },
    {
      "name": "assets",
      "installMode": "lazy",
      "updateMode": "prefetch",
      "urls": [
        "/assets/gondi_logo.png",
        "/assets/wildeliga_bremen.png"
      ],
      "patterns": []
    }
  ],
  "dataGroups": [],
  "hashTable": {
    "/inline.8ee7c200570d0f0855a8.bundle.js": "c2cf654c7dc68ef2514035aef20da2449fa18aba",
    "/assets/gondi_logo.png": "a406fbb2a0418fece89d09fedbe758177018b6c9",
    "/main.e296ef43a052db21eed2.bundle.js": "7d4e4c58f550b9a2137ff7bb20b2c812f09f63f7",
    "/assets/wildeliga_bremen.png": "c04dd0e8cb2891bde954efde92f2f055d7e7504e",
    "/polyfills.c4b135b19416f3437004.bundle.js": "2d90765676fff9eb14f0275b9e6fa2c4d4b10161",
    "/styles.ca51cbb33f7b30d538fa.bundle.css": "a1130ec4506f48378ad5f44416e3067764f8c0c0",
    "/favicon.ico": "711896b440ef1afadb50dbfa7d0495b690fa3196",
    "/index.html": "c2eb40aed6401b601132ae019247cdb963957773",
    "/manifest.json": "ed810e68cbe454cbfca3f8508f477ce7b1c4f9ee"
  }
}